Thunderpants,Children|Comedy|Sci-Fi,12:58 AM,2:35 AM,4
Majesteit,Drama,12:05 AM,2:55 AM,2
Love the Beast,Documentary,12:53 AM,2:30 AM,1
Xtro,Horror|Sci-Fi,12:10 AM,2:50 AM,1
"Stranger, The",Drama|Film-Noir|Thriller,12:10 AM,2:05 AM,5
Money Train,Action|Comedy|Crime|Drama|Thriller,12:04 AM,2:57 AM,2
Black Robe,Adventure|Drama,12:15 AM,2:18 AM,4
Hester Street,Drama,12:15 AM,2:18 AM,3
Mi Amigo Hugo,Documentary,12:44 AM,2:23 AM,1
Wild Rovers,Western,12:38 AM,2:03 AM,2
The Third Half,Drama|Romance,12:49 AM,2:52 AM,5
Conspiracy,Action|Drama|Mystery|Thriller|War,12:49 AM,2:26 AM,2
Comanche Station,Western,12:57 AM,2:43 AM,1
Babylon 5: The Legend of the Rangers: To Live and Die in Starlight,Sci-Fi,12:42 AM,2:44 AM,2
Death in Brunswick,Comedy,12:08 AM,2:00 AM,2
Brief Encounter,Drama|Romance,12:13 AM,2:34 AM,5
Radioland Murders,Comedy|Mystery|Romance,12:17 AM,2:47 AM,2
Phish: Bittersweet Motel,Documentary,12:18 AM,2:07 AM,2
Black Moon,Horror,12:41 AM,2:56 AM,1
"Apple Dumpling Gang, The",Children|Comedy|Western,12:56 AM,2:22 AM,5
"Indian in the Cupboard, The",Adventure|Children|Fantasy,12:53 AM,2:20 AM,4
Emerald Cowboy,Documentary|Drama,12:51 AM,2:24 AM,5
Total Eclipse,Drama|Romance,12:10 AM,2:33 AM,2
Gantz: Perfect Answer,Action|Mystery|Sci-Fi,12:35 AM,2:36 AM,4
"Hangover Part III, The",Comedy,12:01 AM,2:44 AM,2
Ishtar,Comedy,12:45 AM,2:38 AM,1
"Norte, El",Adventure|Drama,12:03 AM,2:42 AM,5
Soap and Water,Comedy,12:29 AM,2:37 AM,1
Silent Fall,Drama|Thriller,12:37 AM,2:42 AM,2
Harry Potter and the Sorcerer's Stone (a.k.a. Harry Potter and the Philosopher's Stone),Adventure|Children|Fantasy,12:09 AM,2:53 AM,5
Family Weekend,Comedy|Drama,12:52 AM,2:51 AM,3
"V.I.P.s, The",Drama,12:12 AM,2:38 AM,1
Wrestling Ernest Hemingway,Drama|Romance,12:42 AM,2:26 AM,5
Young Ones,Drama|Sci-Fi|Western,12:48 AM,2:49 AM,4
Garfield: The Movie,Animation|Children|Comedy,12:37 AM,2:45 AM,5
Dreams That Money Can Buy,Fantasy,12:02 AM,2:50 AM,5
Whispering Corridors (Yeogo Goedam),Drama|Horror,12:32 AM,2:20 AM,2
Crooklyn,Comedy|Drama,12:52 AM,2:06 AM,3
Emperor,Drama|War,12:17 AM,2:08 AM,5
Waterloo,Action|Drama|War,12:06 AM,2:33 AM,5
Ragtime,Drama,12:56 AM,2:27 AM,4
Double Indemnity,Crime|Drama|Thriller,12:13 AM,2:43 AM,1
"Loss of a Teardrop Diamond, The",Drama,12:15 AM,2:56 AM,5
The Gallant Hours,(no genres listed),12:28 AM,2:30 AM,5
Warrendale,Documentary,12:06 AM,2:38 AM,5
House of Sand (Casa de Areia),Drama,12:13 AM,2:13 AM,3
"Boys, The (Pojat)",Drama|War,12:14 AM,2:24 AM,3
War of the Wildcats (In Old Oklahoma),Western,12:22 AM,2:16 AM,2
Blame it on Fidel! (La faute à Fidel!),Drama,12:57 AM,2:44 AM,1
"Swimmer, The",Drama,12:29 AM,2:02 AM,4
Black Water,Adventure|Drama|Horror|Thriller,12:14 AM,2:55 AM,2
Tennessee,Drama,12:57 AM,2:49 AM,4
Pitch Black,Horror|Sci-Fi|Thriller,12:47 AM,2:06 AM,1
Sunless (Sans Soleil),Documentary,12:23 AM,2:45 AM,4
Fagbug,Documentary,12:33 AM,2:09 AM,4
Car Wash,Comedy,12:44 AM,2:05 AM,5
That's The Way I Like It (a.k.a. Forever Fever),Comedy|Drama|Romance,12:51 AM,2:31 AM,5
Knights of Bloodsteel,Fantasy,12:05 AM,2:12 AM,4
Harry Potter and the Goblet of Fire,Adventure|Fantasy|Thriller|IMAX,12:02 AM,2:10 AM,2
"Perez Family, The",Comedy|Romance,12:36 AM,2:50 AM,5
Mud,Adventure|Crime|Drama,12:14 AM,2:15 AM,3
Interview with a Hitman,Action|Thriller,12:17 AM,2:05 AM,1
End of Days,Action|Fantasy|Horror|Mystery|Thriller,12:09 AM,2:47 AM,2
Backbeat,Drama|Musical,12:31 AM,2:16 AM,4
"Box, The",Drama|Horror|Mystery|Sci-Fi|Thriller,12:23 AM,2:46 AM,1
"Confessional, The (Confessionnal, Le)",Drama|Mystery,12:41 AM,2:02 AM,4
Escape from Suburbia: Beyond the American Dream,Documentary,12:50 AM,2:58 AM,3
"Happy Event, A (Un Heureux Evénement)",Comedy|Drama|Romance,12:32 AM,2:22 AM,4
"Whip and the Body, The (Frusta e il corpo, La)",Horror,12:53 AM,2:36 AM,4
"Fear, The",Horror,12:29 AM,2:02 AM,4
Devils on the Doorstep (Guizi lai le),Drama|War,12:39 AM,2:07 AM,2
Special Delivery,(no genres listed),12:14 AM,2:21 AM,5
From the Earth to the Moon,Action|Documentary|Drama|Thriller,12:11 AM,2:04 AM,1
"Marseillaise, La",Drama|War,12:23 AM,2:19 AM,2
Zombie Honeymoon,Drama|Horror|Romance,12:22 AM,2:04 AM,1
"Very Social Secretary, A",Comedy|Drama,12:00 AM,2:24 AM,2
Pitfall (Otoshiana),Crime|Drama|Fantasy,12:38 AM,2:49 AM,5
Indiana Jones and the Kingdom of the Crystal Skull,Action|Adventure|Comedy|Sci-Fi,12:42 AM,2:15 AM,3
Mary Poppins,Children|Comedy|Fantasy|Musical,12:38 AM,2:34 AM,1
Radio Rebel,Drama,12:07 AM,2:57 AM,4
Reservation Road,Drama|Thriller,12:04 AM,2:53 AM,4
Edward II,Drama,12:31 AM,2:26 AM,3
Rob the Mob,Crime|Drama,12:08 AM,2:13 AM,2
Stuck in Love,Comedy|Drama|Romance,12:12 AM,2:18 AM,3
Stop Making Sense,Documentary|Musical,12:09 AM,2:51 AM,3
Seven Alone,Children|Drama,12:48 AM,2:05 AM,3
Peter's Friends,Comedy|Drama,12:22 AM,2:07 AM,5
7 Days in Havana,Drama,12:30 AM,2:21 AM,2
Two Girls and a Sailor,Comedy|Musical|Romance,12:13 AM,2:46 AM,2
Luster,Comedy|Drama|Romance,12:24 AM,2:39 AM,5
Inside the Twin Towers,Drama,12:38 AM,2:01 AM,5
"Out-of-Towners, The",Comedy,12:03 AM,2:41 AM,5
"Private Life of Henry VIII, The",Comedy|Drama,12:54 AM,2:21 AM,4
Paternity,Comedy|Romance,12:31 AM,2:24 AM,3
Lust for Gold (Duhul aurului),Drama,12:40 AM,2:24 AM,3
My Prairie Home,Documentary,12:00 AM,2:13 AM,1
Grace Unplugged,Drama|Musical,12:12 AM,2:03 AM,1
"Killing Machine, The (Icarus)",Action|Drama|Thriller,12:11 AM,2:55 AM,1
Al-risâlah,Adventure|Drama|War,12:39 AM,2:24 AM,1
Hexed,Comedy,12:20 AM,2:50 AM,1
Surrogates,Action|Sci-Fi|Thriller,12:35 AM,2:32 AM,2
De Dana Dan,Comedy,12:57 AM,2:23 AM,4
Cruel Intentions,Drama,12:11 AM,2:57 AM,1
Day of the Dead,Horror,12:03 AM,2:25 AM,4
Hercules,Adventure|Animation|Children|Comedy|Musical,12:08 AM,2:47 AM,4
"Innocent Sleep, The",Crime,12:20 AM,2:49 AM,1
Killing Us Softly 4: Advertising's Image of Women,Documentary,12:14 AM,2:26 AM,2
Pax Americana and the Weaponization of Space,Documentary,12:24 AM,2:20 AM,4
Sex in Chains (Geschlecht in Fesseln),Drama,12:11 AM,2:40 AM,5
Pixote,Drama,12:25 AM,2:52 AM,3
Four Ways Out,Crime|Drama,12:54 AM,2:31 AM,3
Fetishes,Documentary,12:37 AM,2:09 AM,2
Luther the Geek,Horror,12:10 AM,2:31 AM,4
Dominion Tank Police (Dominion),Action|Animation|Comedy|Sci-Fi,12:06 AM,2:29 AM,1
Pepe,Comedy|Musical,12:18 AM,2:09 AM,4
The UFO Incident,Drama|Romance|Sci-Fi,12:16 AM,2:20 AM,1
"Emerald Forest, The",Action|Adventure|Drama,12:47 AM,2:47 AM,3
Double Vision (Shuang tong),Horror|Mystery|Thriller,12:40 AM,2:01 AM,2
Zatoichi Meets the One-Armed Swordsman (Shin zatô Ichi: Yabure! Tôjin-ken) (Zatôichi 22),Action|Adventure|Drama,12:03 AM,2:35 AM,2
Annabelle,Horror,12:02 AM,2:16 AM,4
"Dernier Combat, Le (Last Battle, The)",Drama|Sci-Fi,12:58 AM,2:35 AM,2
How to Be a Player,Comedy,12:10 AM,2:34 AM,4
Lovelace,Drama,12:41 AM,2:33 AM,3
Three Worlds (Trois mondes),Drama,12:22 AM,2:51 AM,1
Cartouche,Action|Adventure|Comedy|Drama,12:58 AM,2:27 AM,5
Tin Pan Alley,Drama|Musical|Romance,12:39 AM,2:15 AM,4
Summer Interlude (Sommarlek),Drama|Romance,12:33 AM,2:59 AM,1
"Creation of the Humanoids, The",Sci-Fi,12:28 AM,2:10 AM,2
Ten Minutes Older,(no genres listed),12:19 AM,2:08 AM,3
Osama,Drama,12:54 AM,2:40 AM,2
Alex in Wonderland,Comedy|Drama,12:10 AM,2:37 AM,4
Welcome to the Punch,Action|Adventure|Crime|Thriller,12:16 AM,2:45 AM,5
Free Fall,Drama,12:07 AM,2:56 AM,2
Campus Man,Comedy,12:56 AM,2:50 AM,4
William Shakespeare's Romeo + Juliet,Drama|Romance,12:32 AM,2:41 AM,5
Miss Bala,Action|Adventure|Drama|Thriller,12:42 AM,2:10 AM,1
"Last Mogul, The",Documentary,12:21 AM,2:35 AM,1
Love Sick Love,Thriller,12:56 AM,2:23 AM,1
Countdown to Looking Glass,Drama,12:59 AM,2:40 AM,2
Beat Street,Drama|Musical,12:50 AM,2:43 AM,2
1971,Documentary,12:36 AM,2:52 AM,4
Aspen,Documentary,12:01 AM,2:37 AM,2
"Day After Trinity, The",Documentary,12:55 AM,2:44 AM,3
Starstruck,Comedy|Musical,12:46 AM,2:05 AM,5
Five Weeks in a Balloon,Action|Adventure|Comedy|Romance,12:45 AM,2:15 AM,3
Photos in the City of Sylvia (Unas fotos en la ciudad de Sylvia),Documentary,12:51 AM,2:00 AM,4
Kiss Me Deadly,Film-Noir,12:47 AM,2:01 AM,1
Dark Night of the Scarecrow,Horror|Mystery,12:31 AM,2:34 AM,2
100 Rifles,Adventure|War|Western,12:25 AM,2:44 AM,1
Hector and the Search for Happiness,Adventure|Comedy|Drama,12:26 AM,2:12 AM,3
Dead on Time,Comedy|Drama|Romance,12:22 AM,2:18 AM,1
11 Harrowhouse,Comedy|Crime,12:21 AM,2:19 AM,5
Hoodoo Ann,Comedy|Drama|Romance,12:00 AM,2:27 AM,2
Angel,Comedy|Drama|Romance,12:51 AM,2:57 AM,1
"Names of Love, The (Le nom des gens)",Comedy,12:34 AM,2:32 AM,4
"Paimen, piika ja emäntä",Drama,12:06 AM,2:04 AM,5
"League of Ordinary Gentlemen, A",Documentary,12:17 AM,2:05 AM,2
Women of the Night (Yoru no onnatachi),Drama,12:34 AM,2:51 AM,3
"Man from Elysian Fields, The",Drama,12:52 AM,2:57 AM,4
One Man Up (L'uomo in più),Comedy|Drama,12:50 AM,2:41 AM,5
Hideaway,Drama,12:48 AM,2:44 AM,3
John Q,Crime|Drama|Thriller,12:58 AM,2:36 AM,3
"Glenn, the Flying Robot",Sci-Fi,12:06 AM,2:15 AM,3
That Certain Summer,Drama,12:43 AM,2:25 AM,4
Felicia's Journey,Thriller,12:18 AM,2:13 AM,1
Escape from the Planet of the Apes,Action|Sci-Fi,12:44 AM,2:21 AM,2
Smashing Pumpkins: Vieuphoria,Documentary|Musical,12:14 AM,2:06 AM,4
Doomsday Book,Comedy|Drama|Horror|Sci-Fi,12:47 AM,2:40 AM,4
Humanoids from the Deep,Horror|Sci-Fi,12:31 AM,2:16 AM,1
There Will Be No Leave Today (Segodnya uvolneniya ne budet),Drama|Thriller,12:08 AM,2:07 AM,4
"Fists in the Pocket (Pugni in tasca, I)",Drama,12:05 AM,2:12 AM,3
Coonskin,Animation|Crime|Drama,12:34 AM,2:15 AM,4
Chain Lightning,Action|Drama,12:38 AM,2:22 AM,3
Blue Crush,Adventure|Drama|Romance,12:37 AM,2:38 AM,1
Summer Wars (Samâ wôzu),Adventure|Animation|Comedy|Sci-Fi,12:18 AM,2:31 AM,2
Almighty Thor,Adventure|Fantasy,12:15 AM,2:12 AM,5
"Triumph of Love, The",Comedy,12:59 AM,2:05 AM,3
Neds,Drama,12:15 AM,2:00 AM,2
The Love Machine,Drama,12:37 AM,2:16 AM,3
"Major and the Minor, The",Comedy|Romance,12:18 AM,2:01 AM,1
Donkey Skin (Peau d'âne),Children|Drama|Fantasy|Musical|Romance,12:47 AM,2:40 AM,4
Kick-Ass 2,Action|Comedy|Crime,12:05 AM,2:38 AM,2
Mary and Martha,Drama,12:47 AM,2:04 AM,2
10 Things I Hate About You,Comedy|Romance,12:15 AM,2:43 AM,3
Un vampiro para dos,Comedy|Horror,12:17 AM,2:11 AM,3
"Offence, The",Crime|Drama|Mystery,12:19 AM,2:10 AM,4
The Diary of a Teenage Girl,Drama,12:41 AM,2:51 AM,4
Grotesque (Gurotesuku),Horror|Thriller,12:50 AM,2:01 AM,3
E.T. the Extra-Terrestrial,Children|Drama|Sci-Fi,12:35 AM,2:47 AM,4
Questo piccolo grande amore,Comedy|Romance,12:44 AM,2:48 AM,4
Signs of Life (Lebenszeichen),Drama,12:59 AM,2:57 AM,1
"French Lieutenant's Woman, The",Drama,12:52 AM,2:58 AM,1
All About Anna,Comedy|Drama|Romance,12:31 AM,2:23 AM,1
De Dana Dan,Comedy,12:28 AM,2:56 AM,5
Starsky & Hutch,Action|Comedy|Crime|Thriller,12:15 AM,2:25 AM,3
Deceit,Sci-Fi,12:50 AM,2:04 AM,2
Pulgasari,Action|Drama|Fantasy,12:40 AM,2:44 AM,1
No Way Home,Drama,12:04 AM,2:32 AM,5
American Me,Drama,12:34 AM,2:08 AM,4
"Haunted House 2, A",Comedy|Horror,12:09 AM,2:45 AM,4
Where the Truth Lies,Drama|Thriller,12:19 AM,2:42 AM,2
Big Deal on Madonna Street (I Soliti Ignoti),Comedy|Crime,12:22 AM,2:39 AM,2
"Truth of Lie, The (Die Wahrheit der Lüge)",Drama|Thriller,12:49 AM,2:47 AM,2
Waiting...,Comedy,12:11 AM,2:20 AM,2
Raise Your Voice,Romance,12:44 AM,2:51 AM,4
One 2 Ka 4,Action|Comedy|Drama,12:44 AM,2:57 AM,1
Is It Easy to be Young?,Documentary|Drama,12:54 AM,2:53 AM,2
Corn Island (Simindis kundzuli),Drama,12:10 AM,2:47 AM,2
A Smoky Mountain Christmas,Fantasy,12:40 AM,2:12 AM,2
Profound Desires of the Gods (Kamigami no fukaki yokubo) ,Drama,12:56 AM,2:54 AM,4
"Murder, My Sweet",Crime|Film-Noir|Thriller,12:41 AM,2:11 AM,3
The Inner Circle,Drama,12:47 AM,2:22 AM,2
"Last Mimzy, The",Adventure|Children|Sci-Fi,12:03 AM,2:59 AM,3
"Asphalt Jungle, The",Crime|Film-Noir,12:41 AM,2:57 AM,3
Stalag Luft,Comedy|Drama|War,12:58 AM,2:40 AM,1
City Slacker,Romance,12:57 AM,2:37 AM,2
Assault on Precinct 13,Action|Thriller,12:54 AM,2:22 AM,5
"Monuments Men, The",Action|Drama|War,12:46 AM,2:27 AM,3
Never Give a Sucker an Even Break,Comedy|Musical,12:12 AM,2:17 AM,3
Wrong Side Up (Pribehy obycejneho silenstvi),Comedy|Drama,12:21 AM,2:51 AM,2
"Fallen Idol, The",Drama|Mystery|Thriller,12:12 AM,2:27 AM,1
Beautiful Boy,Drama,12:08 AM,2:03 AM,5
"Legend of Lylah Clare, The",Drama,12:44 AM,2:04 AM,2
Don't Move (Non ti muovere),Drama,12:24 AM,2:24 AM,5
Min så kallade pappa,(no genres listed),12:49 AM,2:06 AM,1
Pleasure at Her Majesty's,Comedy|Documentary,12:39 AM,2:24 AM,3
Private Confessions,Drama,12:09 AM,2:45 AM,5
Red Eye,Horror|Thriller,12:28 AM,2:38 AM,3
"Hate (Haine, La)",Crime|Drama,12:11 AM,2:56 AM,2
Scorned,Thriller,12:27 AM,2:40 AM,3
Buddha Collapsed Out of Shame,Drama|War,12:05 AM,2:21 AM,4
Follow the Fleet,Comedy|Musical|Romance,12:49 AM,2:56 AM,1
Foxfire,Drama,12:29 AM,2:53 AM,5
Moby Dick,Drama,12:59 AM,2:57 AM,5
"Inspector General, The",Musical,12:36 AM,2:32 AM,2
Return Of The Ghostbusters,Comedy,12:14 AM,2:14 AM,5
Under Capricorn,Drama,12:36 AM,2:34 AM,3
"If I Want to Whistle, I Whistle (Eu cand vreau sa fluier, fluier)",Drama,12:51 AM,2:24 AM,2
Late Bloomers,Comedy,12:29 AM,2:43 AM,3
Far and Away,Adventure|Drama|Romance,12:49 AM,2:22 AM,5
"Lady from Shanghai, The",Drama|Film-Noir|Mystery,12:29 AM,2:59 AM,2
Lucia,Drama|Romance|Sci-Fi|Thriller,12:24 AM,2:03 AM,1
Amorosa,Drama,12:42 AM,2:36 AM,3
"Oak, The (Balanta)",Comedy|Drama,12:23 AM,2:25 AM,5
Remo Williams: The Adventure Begins,Action|Comedy|Crime|Thriller,12:31 AM,2:09 AM,1
Lolita,Drama|Romance,12:19 AM,2:17 AM,1
Searching for Sugar Man,Documentary,12:07 AM,2:53 AM,2
Knockout,Action|Drama,12:03 AM,2:30 AM,3
Venus Beauty Institute (Vénus beauté),Comedy|Drama|Romance,12:10 AM,2:57 AM,3
"Very British Gangster, A",Crime|Documentary,12:05 AM,2:54 AM,3
"Pyramid of Triboulet, The (La pyramide de Triboulet)",Fantasy,12:21 AM,2:16 AM,2
Jane Eyre,Drama|Romance,12:04 AM,2:52 AM,5
Thrilla in Manila,Documentary,12:29 AM,2:33 AM,5
Incantato (Il cuore altrove),Comedy|Drama|Romance,12:29 AM,2:02 AM,4
Iraq in Fragments,Documentary|War,12:28 AM,2:07 AM,4
One Hour with You,Comedy|Musical|Romance,12:34 AM,2:34 AM,1
Dragon Ball: Mystical Adventure (Doragon bôru: Makafushigi dai bôken),Action|Adventure|Animation|Children,12:32 AM,2:33 AM,2
"Glass Menagerie, The",Drama,12:25 AM,2:06 AM,3
Lonely Are the Brave,Drama|Western,12:06 AM,2:01 AM,4
Four Ways Out,Crime|Drama,12:37 AM,2:57 AM,5
Bloody Sunday,Drama,12:36 AM,2:05 AM,5
"Ella Lola, a la Trilby",(no genres listed),12:44 AM,2:21 AM,3
Social Genocide (Memoria del saqueo),Documentary,12:28 AM,2:33 AM,3
Hana (Hana yori mo naho),Comedy|Drama,12:36 AM,2:36 AM,2
31 North 62 East,Thriller,12:43 AM,2:18 AM,3
Koyaanisqatsi (a.k.a. Koyaanisqatsi: Life Out of Balance),Documentary,12:15 AM,2:03 AM,3
Beavis and Butt-Head Do America,Adventure|Animation|Comedy|Crime,12:47 AM,2:42 AM,2
I Never Sang for My Father,Drama,12:44 AM,2:42 AM,1
Edge of Seventeen,Comedy|Drama|Romance,12:49 AM,2:03 AM,3
Speak,Drama,12:31 AM,2:09 AM,5
"Last September, The",Drama,12:19 AM,2:07 AM,3
Wing and a Prayer,Action|Drama|War,12:49 AM,2:04 AM,1
Delivery Man,Comedy,12:42 AM,2:27 AM,4
"Wrestler, The (Painija)",Comedy|Drama|Fantasy,12:54 AM,2:02 AM,3
Reykjavik-Rotterdam,Drama|Thriller,12:59 AM,2:59 AM,2
Springsteen & I,Documentary,12:42 AM,2:37 AM,2
The Hound of the Baskervilles,Crime|Drama|Horror|Mystery,12:04 AM,2:31 AM,5
Powder Blue,Drama,12:19 AM,2:27 AM,4
Faust,Drama,12:15 AM,2:39 AM,1
"Ascent, The (Voskhozhdeniye)",Drama|War,12:31 AM,2:56 AM,5
For Those in Peril,Drama,12:50 AM,2:24 AM,1
Wild Hearts Can't Be Broken,Drama|Romance,12:08 AM,2:04 AM,5
Disclosure,Drama|Thriller,12:28 AM,2:54 AM,3
In the Name of the Law,Drama,12:16 AM,2:55 AM,3
Effie Gray,Drama,12:19 AM,2:51 AM,1
Real Fiction (Shilje sanghwang),Crime|Drama,12:15 AM,2:34 AM,3
"Union: The Business Behind Getting High, The",Comedy|Documentary,12:15 AM,2:01 AM,4
Eulogy,Comedy|Crime|Drama,12:16 AM,2:29 AM,5
Police State,Drama,12:03 AM,2:45 AM,4
The Child and the Policeman,Comedy,12:13 AM,2:02 AM,3
October,Drama|War,12:11 AM,2:56 AM,4
Four Sons,Drama,12:28 AM,2:00 AM,2
The Case of the Scorpion's Tail,Mystery|Thriller,12:26 AM,2:54 AM,2
Boricua's Bond,Drama,12:21 AM,2:13 AM,1
Kangaroo Jack,Action|Comedy,12:54 AM,2:17 AM,5
"Out-of-Towners, The",Comedy,12:51 AM,2:15 AM,2
Something Ventured,Documentary,12:28 AM,2:50 AM,4
Citizen X,Crime|Drama|Thriller,12:14 AM,2:22 AM,1
"Bonaerense, El",Action|Drama,12:59 AM,2:48 AM,3
Fargo,Comedy|Crime|Drama|Thriller,12:34 AM,2:09 AM,3
Guantanamera,Comedy,12:06 AM,2:41 AM,2
Turn It Up,Crime|Drama,12:01 AM,2:52 AM,4
Killer Klowns from Outer Space,Comedy|Horror|Sci-Fi,12:34 AM,2:10 AM,2
"Ciao, Professore! (Io speriamo che me la cavo)",Drama,12:54 AM,2:56 AM,3
Desire,Comedy|Crime|Romance,12:57 AM,2:47 AM,3
Is Anybody There?,Drama,12:14 AM,2:49 AM,2
Mo,Horror,12:37 AM,2:37 AM,4
Worlds Apart (To verdener),Drama,12:17 AM,2:17 AM,5
Tamara Drewe,Comedy|Drama|Romance,12:31 AM,2:02 AM,5
"Seventh Victim, The",Drama|Film-Noir|Horror|Mystery,12:34 AM,2:03 AM,1
"Big Circus, The",Drama,12:22 AM,2:28 AM,2
Black Rain (Kuroi ame),Drama|War,12:47 AM,2:13 AM,5
Mansome,Documentary,12:52 AM,2:28 AM,4
The Madagascar Penguins in a Christmas Caper,Animation|Comedy,12:23 AM,2:00 AM,2
"Boondock Saints II: All Saints Day, The",Action|Crime|Drama|Thriller,12:11 AM,2:50 AM,3
Threads,Drama|Sci-Fi|War,12:46 AM,2:25 AM,5
Special Mission Lady Chaplin,Action|Adventure,12:47 AM,2:24 AM,1
Kingdom of Heaven,Action|Drama|Romance|War,12:38 AM,2:37 AM,1
Addicted to Plastic,Documentary,12:25 AM,2:49 AM,1
"Haunting in Connecticut, The",Horror|Thriller,12:41 AM,2:54 AM,2
Jackass: The Movie,Action|Comedy|Documentary,12:04 AM,2:25 AM,5
"Agronomist, The",Documentary,12:43 AM,2:35 AM,3
Common,Crime|Drama,12:47 AM,2:46 AM,2
"Better Way to Die, A",Action|Thriller,12:43 AM,2:35 AM,5
13B,Horror|Mystery|Thriller,12:08 AM,2:24 AM,4
"Black Pirate, The",Action|Adventure,12:24 AM,2:01 AM,5
Fixed Bayonets!,Drama|War,12:48 AM,2:58 AM,5
Lords of Dogtown,Action|Comedy|Drama,12:20 AM,2:27 AM,4
Cartouche,Action|Adventure|Comedy|Drama,12:43 AM,2:59 AM,5
Birdy,Drama|War,12:34 AM,2:38 AM,2
Satin Rouge,Drama|Musical,12:02 AM,2:28 AM,3
Clash of the Titans,Action|Adventure|Drama|Fantasy,12:46 AM,2:47 AM,1
Fire Down Below,Action|Drama|Thriller,12:28 AM,2:40 AM,2
Mad Max,Action|Adventure|Sci-Fi,12:38 AM,2:24 AM,5
Still Waiting...,Comedy,12:42 AM,2:48 AM,4
Blind Husbands,Drama|Romance,12:47 AM,2:37 AM,2
Buying the Cow,Comedy|Romance,12:29 AM,2:17 AM,2
Belle comme la femme d'un autre,Comedy,12:52 AM,2:12 AM,1
Personal Property,Comedy|Romance,12:23 AM,2:38 AM,2
"Eye of Vichy, The (Oeil de Vichy, L')",Documentary,12:47 AM,2:15 AM,1
"Life and Nothing But (Vie et rien d'autre, La)",Drama,12:31 AM,2:35 AM,1
Sophie's Choice,Drama,12:41 AM,2:06 AM,4
Money for Nothing,Comedy|Crime,12:19 AM,2:00 AM,4
Weird Woman,Drama,12:18 AM,2:23 AM,3
Telstar: The Joe Meek Story,Comedy|Drama,12:19 AM,2:13 AM,1
Zabriskie Point,Drama|Romance,12:08 AM,2:05 AM,1
Nemesis 3: Time Lapse,Action|Sci-Fi|Thriller,12:45 AM,2:52 AM,2
Rabid,Horror|Thriller,12:29 AM,2:35 AM,5
Miami Blues,Comedy|Crime|Drama,12:57 AM,2:37 AM,1
Adventures of Don Juan,Adventure|Romance,12:44 AM,2:46 AM,3
"Blob, The",Horror|Sci-Fi,12:23 AM,2:22 AM,1
Moon of the Wolf,Horror|Mystery,12:47 AM,2:03 AM,3
Cabin in the Sky,Fantasy|Musical,12:32 AM,2:34 AM,5
"Reckoning, The",Crime|Drama,12:34 AM,2:47 AM,2
All's Faire in Love,Comedy,12:30 AM,2:09 AM,1
Northeast,Drama,12:27 AM,2:43 AM,3
"Warrior's Way, The",Action|Fantasy|Western,12:31 AM,2:07 AM,4
Boricua's Bond,Drama,12:35 AM,2:22 AM,4
Make Believe,Documentary,12:30 AM,2:16 AM,3
Rob the Mob,Crime|Drama,12:19 AM,2:55 AM,5
Cosi,Comedy,12:33 AM,2:19 AM,2
Taxi 2,Action|Comedy,12:13 AM,2:06 AM,5
Ultrasuede: In Search of Halston,Documentary,12:48 AM,2:15 AM,1
"Red Spectacles, The (Jigoku no banken: akai megane)",Comedy|Drama|Sci-Fi,12:33 AM,2:55 AM,4
Bride of the Monster,Horror|Sci-Fi,12:13 AM,2:51 AM,4
Boy Eating the Bird's Food (To agori troei to fagito tou pouliou),Drama,12:20 AM,2:08 AM,3
Fate Is the Hunter,Drama,12:33 AM,2:00 AM,5
The Dancer,Drama|Romance,12:23 AM,2:19 AM,1
Black,Drama,12:45 AM,2:30 AM,5
"Family Stone, The",Comedy|Drama|Romance,12:22 AM,2:41 AM,5
Frontière(s),Drama|Horror|Thriller,12:04 AM,2:21 AM,2
Mr. Bean's Holiday,Comedy,12:19 AM,2:07 AM,5
Just Pals,Western,12:01 AM,2:37 AM,3
Black Hawk Down,Action|Drama|War,12:20 AM,2:31 AM,3
Shinobi No Mono 2: Vengeance (Zoku shinobi no mono),Action|Drama,12:26 AM,2:52 AM,2
Casino Royale,Action|Adventure|Thriller,12:53 AM,2:19 AM,1
Foxfire,Drama,12:43 AM,2:36 AM,4
Till Human Voices Wake Us,Drama|Romance,12:21 AM,2:15 AM,3
Chandu the Magician,Action|Adventure|Fantasy|Sci-Fi,12:39 AM,2:10 AM,3
One False Move,Crime|Drama|Film-Noir|Thriller,12:27 AM,2:49 AM,2
Chappie,Action|Thriller,12:16 AM,2:11 AM,1
Italianamerican,Documentary,12:50 AM,2:33 AM,3
Fearful Symmetry: The Making of 'To Kill a Mockingbird',Documentary,12:03 AM,2:47 AM,4
"Man with the Golden Gun, The",Action|Adventure|Thriller,12:18 AM,2:29 AM,1
Zombie Holocaust (a.k.a. Doctor Butcher M.D.) (Zombi Holocaust),Horror,12:02 AM,2:17 AM,2
Sophie's World (Sofies verden),Adventure|Drama|Fantasy,12:59 AM,2:37 AM,5
Last Action Hero,Action|Adventure|Comedy|Fantasy,12:19 AM,2:08 AM,2
Lottery Ticket,Comedy,12:14 AM,2:35 AM,5
Witches' Hammer (Kladivo na carodejnice) ,Drama|Horror,12:26 AM,2:05 AM,5
Dragon Crusaders,Action|Adventure|Fantasy,12:07 AM,2:19 AM,3
No Direction Home: Bob Dylan,Documentary,12:20 AM,2:08 AM,3
How Tasty Was My Little Frenchman (Como Era Gostoso o Meu Francês),Comedy|Drama,12:50 AM,2:31 AM,2
Klip (Clip),Drama|Romance,12:30 AM,2:22 AM,2
Mercy,Crime|Mystery|Thriller,12:59 AM,2:57 AM,4
Au revoir les enfants,Drama,12:21 AM,2:10 AM,1
Cry of the Banshee,Horror,12:32 AM,2:31 AM,2
"Importance of Tying Your Own Shoes, The (Hur många lingon finns det i världen?)",Drama,12:06 AM,2:17 AM,2
Saw IV,Crime|Horror|Thriller,12:48 AM,2:49 AM,2
"Jungle Creature: Hugo, The (Jungledyret) (Go Hugo Go)",Animation|Children|Musical|Romance,12:47 AM,2:07 AM,3
Force Majeure (Turist),Drama,12:18 AM,2:07 AM,1
Stopped on Track,Drama,12:16 AM,2:07 AM,3
"Net, The",Action|Crime|Thriller,12:07 AM,2:42 AM,5
Brideshead Revisited,Drama,12:15 AM,2:10 AM,4
Luther the Geek,Horror,12:54 AM,2:46 AM,3
Flight of the Living Dead,Action|Horror|Sci-Fi,12:34 AM,2:21 AM,1
True Heart,Adventure|Children|Drama,12:19 AM,2:36 AM,5
Child's Play,Horror|Thriller,12:55 AM,2:16 AM,3
Hecho en México,Documentary|Musical,12:43 AM,2:49 AM,1
Rounders,Drama,12:50 AM,2:01 AM,4
City Streets,Crime|Film-Noir,12:58 AM,2:51 AM,3
Callan,Thriller,12:41 AM,2:14 AM,2
Brothers,Drama|Thriller|War,12:21 AM,2:23 AM,5
"Marva Collins Story, The",Documentary|Drama,12:57 AM,2:52 AM,4
Joe Somebody,Comedy|Drama|Romance,12:23 AM,2:03 AM,3
Enchanted,Adventure|Animation|Children|Comedy|Fantasy|Musical|Romance,12:03 AM,2:42 AM,4
Boys' Night Out,Comedy,12:53 AM,2:09 AM,5
Death in Brunswick,Comedy,12:56 AM,2:02 AM,2
Closing the Ring,Drama|Romance,12:32 AM,2:00 AM,1
"Theory of Everything, The",Drama|Romance,12:16 AM,2:46 AM,3
Drogówka,Comedy|Crime|Drama,12:41 AM,2:18 AM,3
"Quiet Duel, The (Shizukanaru ketto)",Drama,12:39 AM,2:14 AM,3
Doubt,Drama|Mystery,12:23 AM,2:44 AM,5
Aladdin,Adventure|Animation|Children|Comedy|Musical,12:46 AM,2:46 AM,4
Salvage,Horror,12:49 AM,2:19 AM,5
WolfCop,Comedy|Horror,12:02 AM,2:34 AM,1
"American Dream, An",Drama,12:33 AM,2:07 AM,1
Power and Terror: Noam Chomsky in Our Times,Documentary,12:09 AM,2:35 AM,5
"Disorderly Orderly, The",Comedy|Romance,12:42 AM,2:52 AM,1
Salome's Last Dance,Comedy|Drama,12:24 AM,2:54 AM,4
Drew: The Man Behind the Poster,Documentary,12:25 AM,2:49 AM,2
"Ladykillers, The",Comedy|Crime,12:56 AM,2:53 AM,4
"Steel Trap, The",Crime|Drama,12:42 AM,2:32 AM,1
10 Mountains 10 Years,Documentary,12:41 AM,2:40 AM,4
"Last Legion, The",Action|Adventure|Fantasy|War,12:37 AM,2:15 AM,3
Beasts of the Southern Wild,Drama|Fantasy,12:28 AM,2:24 AM,1
Vantage Point,Action|Drama|Thriller,12:33 AM,2:59 AM,1
Blackballed: The Bobby Dukes Story,Comedy,12:29 AM,2:25 AM,1
Robin and Marian,Adventure|Drama|Romance,12:05 AM,2:34 AM,3
Breakin' All the Rules,Comedy|Romance,12:10 AM,2:21 AM,1
Some Kind of Wonderful,Drama|Romance,12:13 AM,2:50 AM,5
Schindler's List,Drama|War,12:57 AM,2:41 AM,4
Any Which Way You Can,Comedy,12:22 AM,2:12 AM,1
Born Free,Adventure|Children|Drama,12:22 AM,2:30 AM,4
Seoul Searching,Comedy|Drama,12:05 AM,2:34 AM,4
"20,000 Leagues Under the Sea",Action|Adventure|Sci-Fi,12:18 AM,2:50 AM,4
Julia and Julia (Giulia e Giulia),Drama|Mystery|Thriller,12:10 AM,2:00 AM,5
Call Northside 777,Crime|Drama|Film-Noir,12:17 AM,2:03 AM,3
Missing in Action 2: The Beginning,Action|War,12:53 AM,2:53 AM,2
Employees' Entrance,Drama|Romance,12:22 AM,2:42 AM,5
Monsieur Ibrahim (Monsieur Ibrahim et les fleurs du Coran),Drama,12:46 AM,2:45 AM,3
Soul Men,Comedy|Musical,12:24 AM,2:53 AM,2
Mighty Peking Man (a.k.a. Goliathon) (Xing xing wang),Action|Adventure|Horror|Sci-Fi,12:30 AM,2:20 AM,4
White Palace,Drama,12:42 AM,2:30 AM,1
A Husband of Round Trip,Comedy|Fantasy,12:13 AM,2:11 AM,1
Seas Beneath,Action|Drama|War,12:57 AM,2:43 AM,4
California Conquest,Adventure|Romance|Western,12:01 AM,2:43 AM,4
Hope and Glory,Drama,12:32 AM,2:23 AM,1
Devil Times Five (a.k.a. Peopletoys),Horror,12:28 AM,2:03 AM,1
Two Kilers (Kilerów 2-óch),Comedy|Crime,12:26 AM,2:40 AM,2
Twisted,Thriller,12:41 AM,2:11 AM,4
Young Gods (Hymypoika),Drama,12:12 AM,2:26 AM,3
Fire with Fire,Action|Crime|Drama,12:41 AM,2:19 AM,1
Hot Millions,Comedy|Crime,12:32 AM,2:29 AM,2
Sunnyside,Comedy,12:08 AM,2:35 AM,3
Shampoo,Comedy|Drama|Romance,12:25 AM,2:45 AM,4
Stormheart,Children|Drama,12:58 AM,2:09 AM,4
Lemmy,Documentary,12:28 AM,2:45 AM,3
Line of Sight,Documentary,12:21 AM,2:28 AM,4
Desert Flower,Drama,12:06 AM,2:24 AM,4
Donkey Punch,Horror|Thriller,12:07 AM,2:49 AM,4
"Alibi, The (Lies and Alibis)",Comedy|Drama|Romance,12:45 AM,2:00 AM,5
Shanghai,Drama|Mystery|Romance,12:25 AM,2:20 AM,5
Lumumba,Drama,12:52 AM,2:26 AM,4
Curb Dance,(no genres listed),12:24 AM,2:32 AM,5
That's The Way I Like It (a.k.a. Forever Fever),Comedy|Drama|Romance,12:08 AM,2:41 AM,1
Toys,Comedy|Fantasy,12:31 AM,2:35 AM,5
War Dance,Documentary,12:40 AM,2:19 AM,1
Adam's Rib,Comedy|Romance,12:30 AM,2:09 AM,3
Ladrones,Drama,12:28 AM,2:03 AM,5
Save the Last Dance 2,Drama|Romance,12:56 AM,2:51 AM,1
Heartbreak Ridge,Action|War,12:50 AM,2:22 AM,2
Shake Hands with the Devil,Drama|War,12:36 AM,2:12 AM,5
Pete 'n' Tillie,Comedy|Drama,12:08 AM,2:49 AM,2
Spirited Away (Sen to Chihiro no kamikakushi),Adventure|Animation|Fantasy,12:58 AM,2:43 AM,5
The Hire: Beat the Devil,Action|Adventure|Comedy,12:51 AM,2:09 AM,2
"Boy and the Pirates, The",Adventure|Fantasy,12:57 AM,2:34 AM,1
Under the Bombs,Drama|War,12:17 AM,2:56 AM,2
"Pirates of Penzance, The",Adventure|Comedy|Musical,12:25 AM,2:30 AM,2
"Spy in Black, The",Thriller|War,12:10 AM,2:50 AM,3
Tom Thumb,Children|Fantasy|Musical,12:48 AM,2:07 AM,1
"Cool, Calm and Collected (Calmos)",Comedy,12:34 AM,2:53 AM,4
Eagle Eye,Action|Crime|Thriller|IMAX,12:34 AM,2:06 AM,3
Repossessed,Comedy,12:38 AM,2:50 AM,2
Screwed,Comedy,12:46 AM,2:26 AM,4
"Last Command, The",Drama|War,12:12 AM,2:27 AM,2
Inhuman Resources (Redd Inc.),Horror|Thriller,12:20 AM,2:11 AM,2
How to Make a Monster,Horror|Sci-Fi,12:00 AM,2:20 AM,4
Asoka (Ashoka the Great),Action|Drama|Romance,12:10 AM,2:37 AM,2
"Golden Age, The (Âge d'Or, L')",Comedy|Drama|Romance,12:43 AM,2:33 AM,1
Shock Waves,Horror,12:19 AM,2:20 AM,4
Paintball,Action|Thriller,12:22 AM,2:21 AM,5
Daughter of Dr. Jeckyll,Horror,12:13 AM,2:52 AM,5
Beloved/Friend (a.k.a. Amigo/Amado) (Amic/Amat),Drama,12:40 AM,2:48 AM,4
Takva: A Man's Fear of God,Drama,12:50 AM,2:23 AM,4
Restaurant,Drama,12:15 AM,2:28 AM,5
Less of Sugar (Cheeni Kum),Comedy|Drama|Musical|Romance,12:33 AM,2:40 AM,2
"Man with Two Brains, The",Comedy,12:00 AM,2:19 AM,1
History of Kim Skov (Historien om Kim Skov),Documentary|Drama,12:09 AM,2:10 AM,1
(Untitled),Comedy|Drama,12:14 AM,2:23 AM,1
"Van, The",Comedy|Drama,12:48 AM,2:37 AM,3
"Great White Silence, The",Documentary,12:24 AM,2:01 AM,3
Kiss the Girls,Crime|Drama|Mystery|Thriller,12:18 AM,2:05 AM,2
"Man from the Future, The (O Homem do Futuro)",Comedy|Fantasy|Sci-Fi,12:05 AM,2:52 AM,2
Female Yakuza Tale: Inquisition and Torture (Yasagure anego den: sôkatsu rinchi),Action|Crime|Drama|Thriller,12:52 AM,2:55 AM,1
Snow Angels,Drama,12:34 AM,2:35 AM,5
Marie Antoinette,Drama|Romance,12:04 AM,2:51 AM,1
Britannia Hospital,Comedy|Drama,12:28 AM,2:20 AM,2
Morocco,Drama|Romance,12:14 AM,2:53 AM,3
For the Birds,Animation|Children|Comedy,12:45 AM,2:59 AM,3
"Angus, Thongs and Perfect Snogging",Comedy|Romance,12:24 AM,2:58 AM,3
"Story of Floating Weeds, A (Ukikusa monogatari)",Drama,12:22 AM,2:37 AM,1
Olympia Part One: Festival of the Nations (Olympia 1. Teil - Fest der Völker),Documentary,12:55 AM,2:41 AM,1
Soul Food,Drama,12:41 AM,2:35 AM,5
Dark City,Adventure|Film-Noir|Sci-Fi|Thriller,12:40 AM,2:34 AM,2
La Belle équipe,(no genres listed),12:46 AM,2:34 AM,5
Thérèse: The Story of Saint Thérèse of Lisieux,Drama,12:50 AM,2:10 AM,1
S.O.B.,Comedy,12:32 AM,2:40 AM,4
Dredd,Action|Sci-Fi,12:31 AM,2:04 AM,4
Melvin Goes to Dinner,Comedy|Drama,12:34 AM,2:18 AM,2
Big Stan,Comedy,12:12 AM,2:46 AM,3
Beautiful Lies (De vrais mensonges) (Full Treatment),Comedy|Drama|Romance,12:22 AM,2:06 AM,5
Joyeux Noël (Merry Christmas),Drama|War,12:02 AM,2:05 AM,3
Donos de Portugal,Documentary,12:42 AM,2:08 AM,4
"Man in the Moon, The",Drama|Romance,12:36 AM,2:57 AM,2
Fullmetal Alchemist: The Sacred Star of Milos,Action|Adventure|Animation,12:40 AM,2:43 AM,2
Hero at Large,Comedy,12:27 AM,2:19 AM,1
"Wild Bunch, The",Adventure|Western,12:49 AM,2:34 AM,4
How to Stop Being a Loser,Comedy,12:15 AM,2:05 AM,1
"Hatchet for the Honeymoon (Rosso segno della follia, Il)",Fantasy|Horror|Thriller,12:02 AM,2:25 AM,1
Shining Through,Drama|Romance|Thriller|War,12:55 AM,2:08 AM,2
Duel in the Sun,Western,12:06 AM,2:41 AM,5
"Lincoln Lawyer, The",Crime|Drama|Thriller,12:38 AM,2:32 AM,2
Butterfield 8,Drama,12:41 AM,2:26 AM,3
My Dear Secretary,Comedy|Romance,12:38 AM,2:10 AM,3
Anna Lucasta,Drama,12:44 AM,2:29 AM,2
We Are What We Are,Drama|Horror|Mystery|Thriller,12:56 AM,2:57 AM,5
Mysterious Skin,Drama|Mystery,12:59 AM,2:41 AM,3
"Merchant of Venice, The",Comedy|Drama,12:41 AM,2:02 AM,4
"Mermaid, The (Rusalka)",Comedy|Drama|Fantasy,12:31 AM,2:18 AM,3
Conrack,Drama,12:35 AM,2:26 AM,3
Race to Witch Mountain,Adventure|Children|Fantasy|Sci-Fi|Thriller,12:23 AM,2:29 AM,3
Attack on Leningrad,Drama|War,12:36 AM,2:21 AM,5
Shadows of a Hot Summer (Stíny horkého léta),Drama|Thriller,12:14 AM,2:57 AM,1
Two for the Road,Comedy|Drama|Romance,12:37 AM,2:26 AM,5
"Contract, The",Crime|Drama|Thriller,12:46 AM,2:54 AM,2
"Good Lawyer's Wife, A (Baramnan gajok)",Drama,12:22 AM,2:51 AM,3
Pulse,Horror|Sci-Fi|Thriller,12:25 AM,2:29 AM,2
Carnosaur 2,Horror|Sci-Fi,12:04 AM,2:35 AM,3
High Time (Big Daddy),Comedy|Musical,12:42 AM,2:26 AM,1
Gold Diggers of 1937,Comedy|Musical|Romance,12:22 AM,2:51 AM,3
Double Harness,Comedy|Drama,12:21 AM,2:36 AM,2
"Shooter, The",Western,12:31 AM,2:36 AM,4
Reincarnation,Horror|Mystery,12:49 AM,2:40 AM,3
Georg,Drama|Musical,12:56 AM,2:31 AM,1
May in the Summer,Comedy|Drama,12:59 AM,2:25 AM,4
"Acla, The Descent into Floristella (La discesa di Aclà a Floristella)",Drama,12:35 AM,2:21 AM,3
Stolen Kisses (Baisers volés),Comedy|Drama|Romance,12:40 AM,2:54 AM,1
"Thin Line Between Love and Hate, A",Comedy,12:34 AM,2:31 AM,1
And Now the Screaming Starts!,Horror|Thriller,12:22 AM,2:36 AM,5
I Even Met Happy Gypsies (Skupljaci perja),Drama,12:14 AM,2:53 AM,4
"When You Comin' Back, Red Ryder?",Drama,12:07 AM,2:55 AM,2
Messenger of Death,Thriller,12:16 AM,2:05 AM,4
Deathtrap,Comedy|Crime|Mystery|Thriller,12:00 AM,2:43 AM,4
Victory (a.k.a. Escape to Victory),Action|Drama|War,12:17 AM,2:43 AM,5
Jagged Edge,Crime|Romance|Thriller,12:13 AM,2:20 AM,4
Rise of the Zombies,Action|Horror|Thriller,12:03 AM,2:52 AM,1
Numbskull Emptybrook in the Army (Uuno Turhapuro armeijan leivissä),Comedy,12:01 AM,2:45 AM,2
Shaolin Temple 3: Martial Arts of Shaolin (Nan bei Shao Lin) (Martial Arts of Shaolin),Action,12:20 AM,2:03 AM,2
Imaginary Heroes,Comedy|Drama,12:45 AM,2:33 AM,3
"Other Voices, Other Rooms",Drama,12:40 AM,2:26 AM,5
"Sisterhood of the Traveling Pants, The",Adventure|Comedy|Drama,12:23 AM,2:41 AM,4
"Ballad of Cable Hogue, The",Comedy|Western,12:03 AM,2:55 AM,3
Beverly Hills Chihuahua,Adventure|Children|Comedy,12:01 AM,2:43 AM,1
Bridge to Terabithia,Adventure|Children|Fantasy,12:14 AM,2:28 AM,1
Treasure Island,Adventure|Children,12:20 AM,2:52 AM,4
Songs From the Second Floor (Sånger från andra våningen),Drama,12:58 AM,2:00 AM,3
"Donner Party, The",Drama|Western,12:07 AM,2:34 AM,5
Miss Sweden (Fröken Sverige),Drama,12:50 AM,2:43 AM,1
Romancing the Stone,Action|Adventure|Comedy|Romance,12:31 AM,2:22 AM,2
Woody Allen: A Documentary,Documentary,12:52 AM,2:39 AM,1
"Baby, The",Horror,12:45 AM,2:17 AM,2
Fawlty Towers (1975-1979),Comedy,12:06 AM,2:00 AM,5
Page Eight,Drama|Thriller,12:07 AM,2:01 AM,2
The Story of Asya Klyachina,Drama|Romance,12:50 AM,2:48 AM,5
Shanghai Ghetto,Documentary,12:54 AM,2:36 AM,4
War of the Shaolin Temple (Shao Lin shi san gun seng),Action|Adventure|War,12:14 AM,2:18 AM,2
Murph: The Protector,Documentary|War,12:42 AM,2:16 AM,2
Two Girls and a Sailor,Comedy|Musical|Romance,12:52 AM,2:27 AM,4
"Comfort of Strangers, The",Drama,12:14 AM,2:43 AM,4
Small Soldiers,Animation|Children|Fantasy|War,12:07 AM,2:57 AM,4
Big,Comedy|Drama|Fantasy|Romance,12:43 AM,2:01 AM,2
Divine Secrets of the Ya-Ya Sisterhood,Comedy|Drama,12:15 AM,2:04 AM,4
Out at the Wedding,Comedy|Romance,12:31 AM,2:25 AM,2
Offside,Comedy|Drama,12:05 AM,2:35 AM,4
"Report on the Party and the Guests, A (O slavnosti a hostech)",Drama,12:38 AM,2:50 AM,5
Little Odessa,Crime|Drama,12:23 AM,2:36 AM,1
Saint Jack,Drama,12:55 AM,2:23 AM,5
"Little Bit of Soul, A",Comedy,12:17 AM,2:55 AM,5
1-900,Drama|Romance,12:36 AM,2:49 AM,3
Lucia,Drama|Romance|Sci-Fi|Thriller,12:01 AM,2:13 AM,4
Marnie,Drama|Mystery|Romance|Thriller,12:39 AM,2:05 AM,2
Beneath,Horror,12:57 AM,2:04 AM,4
Pictures of the Old World (Obrazy starého sveta),Documentary,12:38 AM,2:01 AM,3
Chances Are,Comedy|Romance,12:57 AM,2:27 AM,5
Shark Tale,Animation|Children|Comedy,12:14 AM,2:57 AM,2
Taming the Fire (Ukroshcheniye ognya),Documentary|Drama|Sci-Fi,12:06 AM,2:20 AM,5
El Cid,Action|Adventure|Drama|Romance|War,12:56 AM,2:25 AM,5
Manderlay,Drama,12:03 AM,2:52 AM,3
Nueba Yol,Comedy|Drama,12:45 AM,2:20 AM,3
Hammett,Crime|Mystery,12:26 AM,2:58 AM,2
"Necessities of Life, The (Ce qu'il faut pour vivre)",Drama,12:01 AM,2:08 AM,1
"Last Witness, The",Drama|Thriller,12:09 AM,2:29 AM,3
Who's Harry Crumb?,Comedy|Mystery,12:48 AM,2:56 AM,5
Woochi: The Demon Slayer,Action|Comedy|Fantasy,12:15 AM,2:14 AM,5
Lost and Delirious,Drama,12:01 AM,2:35 AM,5
Crippled Avengers (Can que) (Return of the 5 Deadly Venoms),Action|Adventure,12:35 AM,2:14 AM,1
"Girl in the Red Velvet Swing, The",Crime|Drama|Romance,12:34 AM,2:23 AM,3
"Express, The",Drama,12:58 AM,2:36 AM,4
Stitch! The Movie,Animation|Children|Comedy,12:42 AM,2:53 AM,5
"Sacrament, The",Horror|Thriller,12:54 AM,2:37 AM,5
"Last Wedding, The (Kivenpyörittäjän kylä)",Comedy|Drama,12:51 AM,2:49 AM,5
Black Robe,Adventure|Drama,12:40 AM,2:39 AM,5
Hollywood Shuffle,Comedy,12:16 AM,2:32 AM,4
"Ah of Life, The",Drama|Romance|Sci-Fi,12:37 AM,2:00 AM,5
Hatchet,Comedy|Horror,12:59 AM,2:03 AM,4
Chicago Joe and the Showgirl,Drama,12:28 AM,2:47 AM,3
Myn Bala: Warriors of the Steppe,Action|Adventure|Drama,12:12 AM,2:49 AM,3
"Olivier, Olivier",Drama,12:41 AM,2:12 AM,1
Beethoven's Treasure Tail,Action|Adventure|Children,12:07 AM,2:31 AM,5
Lumihiutalemuodostelma,Comedy|Drama,12:37 AM,2:07 AM,5
Out of It (La carapate),Comedy,12:50 AM,2:33 AM,5
Kambakkht Ishq (Incredible Love),Action|Comedy|Musical,12:20 AM,2:11 AM,2
"Deeper Shade of Blue, A",Documentary,12:59 AM,2:01 AM,5
Dans la peau d'une grande,Comedy,12:42 AM,2:24 AM,2
"Switch, The",Comedy|Romance,12:38 AM,2:06 AM,5
HOUBA! On the Trail of the Marsupilami (Sur la piste du Marsupilami),Adventure|Children|Comedy|IMAX,12:02 AM,2:25 AM,3
Bread and Alley (Nan va Koutcheh),Drama,12:49 AM,2:54 AM,5
Man at Bath (Homme au bain),Drama,12:56 AM,2:56 AM,1
True Heart,Adventure|Children|Drama,12:43 AM,2:13 AM,2
How to Kill Your Neighbor's Dog,Comedy|Drama,12:23 AM,2:21 AM,2
Here Comes the Groom,Comedy|Musical|Romance,12:28 AM,2:00 AM,2
Knight Moves,Mystery|Thriller,12:20 AM,2:52 AM,4
Short Sharp Shock (Kurz und schmerzlos) ,Crime|Drama,12:43 AM,2:52 AM,5
Tekkonkinkreet (Tekkon kinkurîto),Action|Adventure|Animation|Crime|Fantasy,12:52 AM,2:56 AM,3
Pahat pojat,Action|Crime|Drama,12:31 AM,2:16 AM,1
"Room for Romeo Brass, A",Comedy|Drama,12:42 AM,2:11 AM,4
Timbuktu,Drama,12:15 AM,2:19 AM,4
In Old California,Western,12:19 AM,2:22 AM,2
The Search for Santa Paws,Adventure|Children,12:36 AM,2:03 AM,5
Hood of Horror,Comedy|Drama|Horror,12:45 AM,2:59 AM,3
Lisa Picard is Famous (a.k.a. Famous),Comedy|Drama,12:17 AM,2:39 AM,1
"Return of the Living Dead, The",Comedy|Horror|Sci-Fi,12:58 AM,2:32 AM,2
Aftermath,Horror,12:52 AM,2:59 AM,2
Pariah,Drama,12:32 AM,2:35 AM,1
Toward the Unknown,Drama|Romance|War,12:46 AM,2:08 AM,2
Tell It to the Marines,Comedy|Drama|Romance|War,12:25 AM,2:00 AM,5
"Duck, You Sucker (a.k.a. Fistful of Dynamite, A) (Giù la testa)",Action|Adventure|War|Western,12:38 AM,2:31 AM,2
Sunflower (Xiang ri kui),Drama,12:54 AM,2:27 AM,2
Clifford's Really Big Movie,Animation|Children,12:46 AM,2:07 AM,1
Gung Ho! (Gung Ho!: The Story of Carlson's Makin Island Raiders),Drama|War,12:08 AM,2:46 AM,3
Hell and High Water,Adventure|Drama|Thriller,12:16 AM,2:18 AM,4
Dickson Experimental Sound Film,Musical,12:58 AM,2:46 AM,1
"Adventures of Sherlock Holmes, The",Crime|Mystery|Thriller,12:28 AM,2:12 AM,3
"Travelling Players, The (O thiasos)",Drama|War,12:04 AM,2:29 AM,4
Blind (Beul-la-in-deu),Drama|Horror|Thriller,12:40 AM,2:01 AM,4
Zathura,Action|Adventure|Children|Fantasy,12:05 AM,2:03 AM,2
"Separation, A (Jodaeiye Nader az Simin)",Drama,12:19 AM,2:38 AM,5
Flawless,Drama,12:13 AM,2:36 AM,4
Before I Disappear,Drama,12:48 AM,2:32 AM,5
"Spring, Summer, Fall, Winter... and Spring (Bom yeoreum gaeul gyeoul geurigo bom)",Drama,12:18 AM,2:47 AM,5
Prey for Rock & Roll,Drama|Musical,12:17 AM,2:44 AM,3
Life Is All You Get (Das Leben ist eine Baustelle.),Comedy|Drama,12:18 AM,2:30 AM,4
"Charlie, the Lonesome Cougar",Adventure|Children,12:57 AM,2:34 AM,3
"Othello (Tragedy of Othello: The Moor of Venice, The)",Drama,12:27 AM,2:30 AM,2
"Colony, The",Action|Horror|Sci-Fi|Thriller,12:50 AM,2:11 AM,2
"Angélique, marquise des anges",Adventure|Romance,12:05 AM,2:14 AM,4
The Fox & the Child,Adventure|Children|Drama,12:30 AM,2:13 AM,3
Respiro,Comedy|Drama,12:24 AM,2:22 AM,1
Sharpe's Gold,Action|Adventure|War,12:38 AM,2:01 AM,4
"Beast Must Die, The",Horror|Mystery,12:32 AM,2:03 AM,4
With Honors,Comedy|Drama,12:15 AM,2:01 AM,3
Batman: Year One,Action|Animation|Crime,12:47 AM,2:07 AM,3
W Delta Z (a.k.a. The Killing Gene),Crime|Horror|Thriller,12:31 AM,2:10 AM,4
Doctor at Large,Comedy|Romance,12:53 AM,2:23 AM,3
Lucky Numbers,Comedy|Drama,12:50 AM,2:29 AM,4
Blood in the Mobile,Documentary,12:26 AM,2:04 AM,3
"Friend Among Strangers, Stranger Among Friends (Svoy sredi chuzhikh, chuzhoy sredi svoikh)",Action|War|Western,12:40 AM,2:01 AM,1
Mutiny on the Bounty,Adventure|Drama,12:03 AM,2:06 AM,4
Colossal Youth (Juventude Em Marcha),Drama,12:26 AM,2:50 AM,3
Over Your Dead Body,Horror,12:29 AM,2:55 AM,1
11.6,Crime|Drama,12:20 AM,2:56 AM,2
Buttcrack,Comedy|Horror,12:17 AM,2:43 AM,1
Spider,Action|Drama,12:27 AM,2:05 AM,3
Dangerous Ground,Drama,12:46 AM,2:54 AM,5
Tevye,Drama,12:04 AM,2:49 AM,1
Taipei Exchanges (Di 36 ge gu shi),Comedy|Drama,12:23 AM,2:17 AM,5
Red State,Horror|Thriller,12:07 AM,2:12 AM,2
Ticket To Romance (En enkelt til Korsør),Comedy|Drama|Romance,12:16 AM,2:39 AM,3
"Noose, The (Petla)",Drama,12:51 AM,2:39 AM,5
Mariage à Mendoza,Comedy|Drama,12:43 AM,2:21 AM,1
Step Up Love Story (Futari ecchi),Animation|Comedy|Romance,12:20 AM,2:50 AM,2
"Call, The",Drama|Thriller,12:38 AM,2:31 AM,4
Wings in the Dark,Adventure|Romance,12:44 AM,2:07 AM,5
Every Other Week (Varannan vecka),Comedy|Drama|Romance,12:25 AM,2:34 AM,1
Powwow Highway,Drama,12:52 AM,2:00 AM,4
Levity,Drama,12:30 AM,2:16 AM,5
"Interrupters, The",Documentary,12:30 AM,2:38 AM,4
Blue Caprice,Crime|Drama,12:08 AM,2:05 AM,5
Mondovino,Documentary,12:49 AM,2:56 AM,3
"Blackbeard, the Pirate",Adventure,12:38 AM,2:10 AM,1
Air Bud: Golden Receiver,Children|Comedy,12:52 AM,2:21 AM,1
Mutants,Horror|Sci-Fi,12:25 AM,2:25 AM,1
"Warriors, The",Action|Adventure|Crime|Thriller,12:24 AM,2:08 AM,4
Lured,Crime|Film-Noir|Mystery|Thriller,12:32 AM,2:12 AM,2
Perfect Stranger,Crime|Drama|Mystery|Thriller,12:21 AM,2:49 AM,5
Montana,Action|Adventure|Romance|Western,12:22 AM,2:32 AM,5
Days of Glory (Indigènes),Action|Adventure|Drama|War,12:19 AM,2:07 AM,5
Loose Cannons,Action|Comedy,12:39 AM,2:48 AM,2
Jane Eyre,Drama|Romance,12:17 AM,2:56 AM,1
Hamlet (Gamlet),Drama,12:32 AM,2:06 AM,3
Whispering Corridors (Yeogo Goedam),Drama|Horror,12:24 AM,2:47 AM,5
Tucker: The Man and His Dream,Drama,12:24 AM,2:11 AM,5
"Right Kind of Wrong, The",Comedy|Romance,12:25 AM,2:26 AM,1
"Unidentified Flying Oddball (a.k.a. Spaceman and King Arthur, The) (a.k.a. Spaceman in King Arthur's Court, A)",Adventure|Comedy|Fantasy|Sci-Fi,12:48 AM,2:09 AM,4
Dark Forces (Harlequin),Drama|Fantasy|Mystery,12:12 AM,2:41 AM,5
Easy Living,Comedy|Romance,12:10 AM,2:19 AM,4
"Phantom Carriage, The (Körkarlen)",Drama,12:58 AM,2:24 AM,5
Stag,Action|Thriller,12:21 AM,2:24 AM,5
Last Year at Marienbad (L'Année dernière à Marienbad),Drama|Mystery|Romance,12:43 AM,2:28 AM,2
Interstate 60,Adventure|Comedy|Drama|Fantasy|Mystery|Sci-Fi|Thriller,12:16 AM,2:55 AM,3
Three Little Words,Comedy|Musical|Romance,12:01 AM,2:41 AM,5
"No Blood Relation (Stepchild, The) (Nasanunaka)",Drama,12:11 AM,2:18 AM,4
Ironclads,Drama|Romance|War,12:28 AM,2:50 AM,2
102 Dalmatians,Children|Comedy,12:41 AM,2:04 AM,2
Monkey Trouble,Children|Comedy,12:03 AM,2:03 AM,4
11.6,Crime|Drama,12:36 AM,2:59 AM,3
"Best Man, The",Comedy|Drama,12:16 AM,2:51 AM,3
From One Second to the Next,Documentary,12:08 AM,2:04 AM,2
The Opposite Sex,Comedy|Drama|Romance,12:46 AM,2:57 AM,3
Indie Game: The Movie,Documentary,12:37 AM,2:40 AM,4
The Garden of Sinners - Chapter 5: Paradox Paradigm,Animation,12:00 AM,2:05 AM,2
Alila,Drama,12:39 AM,2:52 AM,3
Heads,Comedy|Crime,12:54 AM,2:32 AM,1
Kitty,Drama,12:27 AM,2:28 AM,2
"Thin Blue Lie, The",Drama,12:47 AM,2:21 AM,2
House,Drama|Horror|Thriller,12:11 AM,2:12 AM,4
Peanuts - Die Bank zahlt alles,Comedy,12:48 AM,2:28 AM,4
Wit,Drama,12:04 AM,2:40 AM,4
Edge of Darkness,Drama|Thriller,12:56 AM,2:20 AM,3
House of the Rising Sun,Action|Crime|Drama|Thriller,12:03 AM,2:01 AM,4
"Rookie, The",Drama,12:14 AM,2:57 AM,5
Stick,Action|Adventure|Crime|Drama,12:26 AM,2:43 AM,3
"Matchmaker, The",Comedy|Romance,12:54 AM,2:09 AM,5
"Beans of Egypt, Maine, The",Drama,12:52 AM,2:03 AM,3
White Men Can't Jump,Comedy|Drama,12:12 AM,2:20 AM,3
Suicide Manual (Jisatsu manyaru),Horror|Mystery|Thriller,12:15 AM,2:05 AM,1
Beats Being Dead (Dreileben - Etwas Besseres als den Tod),Drama,12:34 AM,2:06 AM,1
Hours,Drama|Thriller,12:42 AM,2:07 AM,1
"Out-of-Towners, The",Comedy,12:40 AM,2:06 AM,4
"So Normal (Normais, Os)",Comedy,12:25 AM,2:40 AM,4
Ironclads,Drama|Romance|War,12:54 AM,2:10 AM,4
Army of Darkness,Action|Adventure|Comedy|Fantasy|Horror,12:30 AM,2:45 AM,4
Rocketship X-M,Sci-Fi,12:18 AM,2:36 AM,2
Bad Boys,Action|Comedy|Crime|Drama|Thriller,12:00 AM,2:13 AM,1
Fortress,Action|Thriller,12:45 AM,2:54 AM,2
"Fighting Spirit, The",Documentary,12:44 AM,2:26 AM,5
Pete Smalls Is Dead,Comedy,12:27 AM,2:01 AM,3
Highlander: Endgame (Highlander IV),Action|Adventure|Fantasy,12:06 AM,2:52 AM,3
At the Death House Door,Documentary,12:07 AM,2:45 AM,1
"Skin, Skin (Käpy selän alla)",Drama,12:02 AM,2:12 AM,3
"You, Me and Dupree",Comedy,12:12 AM,2:29 AM,5
Equinox,Adventure|Horror|Mystery,12:19 AM,2:56 AM,4
Brothers on the Line,(no genres listed),12:13 AM,2:16 AM,1
Moonshot,Drama,12:04 AM,2:49 AM,4
"Doll, The (Lalka)",Drama|Romance,12:59 AM,2:58 AM,1
Ironclad,Action|Adventure,12:40 AM,2:30 AM,1
Night Court,Crime|Film-Noir|Thriller,12:47 AM,2:14 AM,3
Saving Otter 501,Documentary,12:33 AM,2:29 AM,4
Stuck,Horror|Thriller,12:44 AM,2:44 AM,2
Saratoga,Comedy|Drama|Romance,12:02 AM,2:37 AM,5
1987,Comedy|Drama|Romance,12:01 AM,2:56 AM,5
Easy Virtue,Comedy|Romance,12:00 AM,2:18 AM,5
Blackadder's Christmas Carol,Comedy,12:34 AM,2:35 AM,5
This Night I'll Possess Your Corpse (Esta Noite Encarnarei no Teu Cadáver),Horror,12:49 AM,2:47 AM,1
"Group, The",Drama,12:19 AM,2:56 AM,4
The Very Thought of You,Drama|Romance,12:46 AM,2:24 AM,5
Baby Mama,Comedy,12:10 AM,2:46 AM,3
Ed,Comedy,12:22 AM,2:55 AM,2
Enemy,Mystery|Thriller,12:01 AM,2:32 AM,3
"Acacias, Las",Drama,12:29 AM,2:48 AM,3
Spread,Drama|Romance,12:21 AM,2:53 AM,2
Russia 88,Drama,12:41 AM,2:04 AM,1
Beowulf & Grendel,Action|Adventure|Drama|Fantasy,12:58 AM,2:28 AM,1
Kumail Nanjiani: Beta Male ,Comedy|Documentary,12:01 AM,2:16 AM,2
Visions of Europe,Comedy|Drama,12:28 AM,2:53 AM,4
"Mosquito Coast, The",Adventure|Drama|Thriller,12:14 AM,2:04 AM,2
"Professionals, The",Western,12:52 AM,2:51 AM,2
Seven Brides for Seven Brothers,Comedy|Musical|Romance|Western,12:22 AM,2:17 AM,4
Tyler Perry's Madea's Big Happy Family,Comedy|Drama,12:42 AM,2:33 AM,1
Eve and the Fire Horse,Drama,12:38 AM,2:30 AM,5
Traffic (Trafic),Comedy,12:45 AM,2:37 AM,4
Maniacts,Action|Comedy|Drama|Horror|Romance,12:14 AM,2:40 AM,2
Dark Passage,Crime|Drama|Film-Noir|Romance|Thriller,12:21 AM,2:46 AM,5
Breaking the Maya Code,Documentary,12:54 AM,2:24 AM,4
"Grocer's Son, The (Fils de l'épicier, Le)",Drama|Romance,12:17 AM,2:11 AM,5
Dead Ringers,Drama|Horror|Thriller,12:25 AM,2:16 AM,4
Courier,Comedy|Drama|Romance,12:28 AM,2:11 AM,5
Two-Minute Warning,Drama|Thriller,12:50 AM,2:23 AM,5
Lady in a Cage,Drama|Thriller,12:44 AM,2:52 AM,1
The Brides of Fu Manchu,Action|Crime|Horror|Sci-Fi,12:12 AM,2:30 AM,4
"Thank You, Jeeves!",(no genres listed),12:56 AM,2:18 AM,4
Trouble Bound,Action|Comedy,12:19 AM,2:46 AM,3
"Ronde, La",Drama,12:52 AM,2:05 AM,5
"Sleepy Time Gal, The",Drama,12:46 AM,2:18 AM,2
Balseros (Cuban Rafters),Documentary,12:34 AM,2:58 AM,1
"General Died at Dawn, The",Adventure|Crime|Thriller,12:55 AM,2:30 AM,1
Everything,Drama|Mystery,12:43 AM,2:08 AM,2
Cockpit,Comedy,12:33 AM,2:28 AM,3
Elevator,Comedy|Drama,12:38 AM,2:36 AM,4
Autism: The Musical,Documentary,12:02 AM,2:42 AM,2
The Good Son,Thriller,12:09 AM,2:25 AM,4
Lisbela e o Prisioneiro (Lisbela and the Prisoner),Comedy|Romance,12:12 AM,2:49 AM,5
Southern District (Zona Sur),Drama,12:43 AM,2:40 AM,1
"Bedroom Window, The",Thriller,12:34 AM,2:54 AM,3
"Steamroller and the Violin, The (Katok i skripka)",Drama,12:23 AM,2:54 AM,2
American: The Bill Hicks Story,Comedy|Documentary,12:05 AM,2:20 AM,1
"Boynton Beach Bereavement Club, The",Comedy|Drama,12:22 AM,2:08 AM,4
"Fan, The",Drama|Thriller,12:42 AM,2:11 AM,5
"Ferryman, The",Fantasy|Horror|Thriller,12:49 AM,2:01 AM,3
Martin & Orloff,Comedy,12:43 AM,2:48 AM,2
No Such Thing,Drama|Fantasy|Romance,12:48 AM,2:02 AM,5
Hiroshima ,Documentary,12:43 AM,2:57 AM,5
L'instant et la patience ,Documentary,12:07 AM,2:14 AM,4
Rollo and the Woods Sprite (Rölli ja metsänhenki),Children|Fantasy,12:47 AM,2:37 AM,3
Star Trek: Generations,Adventure|Drama|Sci-Fi,12:48 AM,2:38 AM,1
Chatroom,Crime|Drama|Mystery|Thriller,12:42 AM,2:23 AM,3
Geek Charming,Comedy,12:24 AM,2:02 AM,2
Avenue Montaigne (Fauteuils d'orchestre),Comedy|Drama|Romance,12:04 AM,2:29 AM,1
White Elephant,Drama,12:12 AM,2:06 AM,3
In the City (En la ciudad),Drama,12:56 AM,2:10 AM,4
"Swan Princess: Escape from Castle Mountain, The",Animation|Children|Fantasy|Romance,12:12 AM,2:50 AM,5
"Thirst for Love, The (Ai no kawaki)",Drama,12:02 AM,2:41 AM,2
Advertising and the End of the World,Documentary,12:48 AM,2:54 AM,5
Maria,Drama,12:59 AM,2:19 AM,4
Evil Dead II (Dead by Dawn),Action|Comedy|Fantasy|Horror,12:41 AM,2:25 AM,4
16 to Life,Comedy|Drama,12:53 AM,2:53 AM,1
"Better Place, A",Drama,12:08 AM,2:09 AM,2
Boyz N the Hood,Crime|Drama,12:03 AM,2:13 AM,2
Complicit,(no genres listed),12:18 AM,2:06 AM,1
Whatever,Drama,12:01 AM,2:45 AM,3
Ready to Rumble,Comedy,12:33 AM,2:25 AM,3
Nostalghia,Drama,12:59 AM,2:16 AM,3
The Derby Stallion,Children|Drama,12:43 AM,2:39 AM,1
Smoke,Comedy|Drama,12:53 AM,2:59 AM,3
Reach the Rock,Comedy|Drama,12:26 AM,2:30 AM,5
"Other F Word, The",Comedy|Documentary|Drama,12:06 AM,2:22 AM,1
"If I Want to Whistle, I Whistle (Eu cand vreau sa fluier, fluier)",Drama,12:23 AM,2:38 AM,3
"Violent Cop (Sono otoko, kyôbô ni tsuki)",Action|Crime|Drama|Thriller,12:53 AM,2:17 AM,4
Other People's Money,Comedy|Drama|Romance,12:17 AM,2:42 AM,4
Signs,Horror|Sci-Fi|Thriller,12:58 AM,2:01 AM,1
Funny About Love,Comedy|Romance,12:11 AM,2:09 AM,5
Het Vonnis,Crime|Drama,12:07 AM,2:34 AM,5
RiP: A Remix Manifesto,Documentary,12:48 AM,2:59 AM,4
Shaolin (Xin shao lin si),Action|Drama,12:38 AM,2:51 AM,1
Starlift,(no genres listed),12:12 AM,2:03 AM,5
Book of Shadows: Blair Witch 2,Crime|Horror|Mystery|Thriller,12:30 AM,2:17 AM,4
Polly of the Circus,Comedy|Drama|Fantasy,12:38 AM,2:47 AM,2
Eye of the Devil,Horror|Mystery,12:45 AM,2:30 AM,1
Our Daily Bread (Unser täglich Brot),Documentary,12:20 AM,2:05 AM,5
"Bedford Incident, The",Drama|Thriller|War,12:31 AM,2:30 AM,2
Let Him Have It,Crime|Drama,12:00 AM,2:53 AM,2
Going Hollywood,Musical|Romance,12:11 AM,2:40 AM,4
Down in the Valley,Drama|Romance,12:04 AM,2:39 AM,3
"Day of the Beast, The (Día de la Bestia, El)",Adventure|Comedy|Thriller,12:56 AM,2:26 AM,2
"Legend of the 7 Golden Vampires, The",Action|Horror,12:37 AM,2:59 AM,5
Today's Special,Comedy,12:47 AM,2:29 AM,1
"Poker House, The",Drama,12:16 AM,2:53 AM,4
Major Dundee,Adventure|War|Western,12:39 AM,2:56 AM,1
Chronicle,Action|Sci-Fi|Thriller,12:52 AM,2:37 AM,1
Five Days One Summer,Drama,12:15 AM,2:31 AM,3
Dog Park,Comedy|Romance,12:41 AM,2:37 AM,2
"19th Wife, The",Drama,12:52 AM,2:13 AM,4
Orca: The Killer Whale,Action|Drama|Horror|Thriller,12:09 AM,2:21 AM,1
The Prince,Action|Thriller,12:31 AM,2:59 AM,3
PCU,Comedy,12:27 AM,2:44 AM,1
Sweeney Todd: The Demon Barber of Fleet Street,Crime|Horror,12:30 AM,2:19 AM,3
"City of Violence, The (Jjakpae)",Action|Crime|Drama,12:39 AM,2:32 AM,5
Project Nim,Documentary,12:11 AM,2:24 AM,1
Leonard Part 6,Comedy|Sci-Fi,12:16 AM,2:14 AM,2
Superman III,Action|Adventure|Sci-Fi,12:19 AM,2:23 AM,3
Urusei Yatsura Movie 2: Beautiful Dreamer (Urusei Yatsura 2: Byûtifuru dorîmâ),Animation|Comedy|Fantasy,12:36 AM,2:14 AM,5
When the Game Stands Tall,Drama,12:21 AM,2:37 AM,5
A Connecticut Yankee in King Arthur's Court,Adventure|Children|Comedy|Fantasy,12:41 AM,2:23 AM,2
"Last Run, The",Comedy|Drama,12:58 AM,2:53 AM,1
Liliom,Drama|Fantasy,12:09 AM,2:26 AM,1
Christmas Eve,Comedy|Drama,12:30 AM,2:48 AM,5
Rambling Rose,Drama,12:32 AM,2:51 AM,2
Dream House,Drama|Mystery|Thriller,12:40 AM,2:56 AM,5
Romero,Drama,12:00 AM,2:21 AM,5
Men in War,Drama|War,12:23 AM,2:11 AM,1
Land of the Lost,Action|Adventure|Comedy|Sci-Fi,12:25 AM,2:23 AM,3
Tonight You're Mine,Comedy|Drama,12:44 AM,2:12 AM,5
Alter Egos,Comedy,12:50 AM,2:43 AM,2
Capricorn One,Drama|Sci-Fi|Thriller,12:00 AM,2:04 AM,1
Monte Carlo,Adventure|Comedy|Romance,12:30 AM,2:36 AM,1
Ivory Tower,Documentary,12:52 AM,2:32 AM,4
"Defiant Ones, The",Adventure|Crime|Drama|Thriller,12:50 AM,2:27 AM,2
"Forgotten, The",Drama|Mystery|Sci-Fi|Thriller,12:05 AM,2:06 AM,4
Vinyan,Drama|Horror|Thriller,12:04 AM,2:04 AM,2
Deadline,Drama|Horror|Thriller,12:43 AM,2:56 AM,4
Black Friday,Crime|Drama|Horror|Sci-Fi,12:37 AM,2:43 AM,3
S.P.L.: Kill Zone (Saat po long),Action|Crime|Drama|Thriller,12:20 AM,2:56 AM,2
Final Destination 3,Horror|Mystery|Thriller,12:56 AM,2:01 AM,2
Speed Racer,Action|Children|Sci-Fi|IMAX,12:49 AM,2:04 AM,2
Bananaz,Documentary,12:35 AM,2:34 AM,5
"Cross: The Arthur Blessitt Story, The",Documentary,12:00 AM,2:26 AM,1
Jay and Silent Bob Strike Back,Adventure|Comedy,12:44 AM,2:50 AM,1
Prisoners,Drama|Mystery|Thriller,12:01 AM,2:26 AM,3
Jason Goes to Hell: The Final Friday,Action|Horror,12:02 AM,2:17 AM,5
Blue Like Jazz,Comedy|Drama,12:01 AM,2:05 AM,2
Cyrus,Comedy|Drama|Romance,12:19 AM,2:25 AM,3
Rammbock,Drama|Horror,12:17 AM,2:54 AM,2
Everybody's Fine,Drama,12:43 AM,2:15 AM,5
"Man Escaped, A (Un  condamné à mort s'est échappé ou Le vent souffle où il veut)",Adventure|Drama,12:43 AM,2:08 AM,3
Ernest Scared Stupid,Comedy,12:48 AM,2:02 AM,5
Bernard and Doris,Comedy|Drama,12:12 AM,2:50 AM,4
Marilena de la P7,Drama|Fantasy,12:00 AM,2:28 AM,1
"Super Inframan, The (Zhong guo chao ren)",Action|Fantasy|Sci-Fi,12:29 AM,2:02 AM,5
Love Jones,Romance,12:48 AM,2:35 AM,2
Starship Troopers 3: Marauder,Action|Sci-Fi|War,12:10 AM,2:43 AM,2
Kiss of Death,Crime|Drama|Thriller,12:03 AM,2:57 AM,1
Cruel Intentions,Drama,12:33 AM,2:08 AM,1
"Actress, the Dollars and the Transylvanians, The (Artista, dolarii si Ardelenii)",Western,12:28 AM,2:35 AM,3
Blue Sky,Drama|Romance,12:43 AM,2:25 AM,2
Hell (L'enfer),Drama,12:27 AM,2:39 AM,2
One Nine Nine Four,Documentary,12:04 AM,2:12 AM,3
"That Day, on the Beach (Hai tan de yi tian)",Drama,12:26 AM,2:19 AM,2
"Bread, Love and Dreams (Pane, amore e fantasia)",Comedy|Romance,12:05 AM,2:37 AM,3
Doomsday Book,Comedy|Drama|Horror|Sci-Fi,12:51 AM,2:16 AM,5
Hostel: Part II,Crime|Horror|Thriller,12:12 AM,2:10 AM,2
Z,Drama|Mystery|Thriller,12:42 AM,2:22 AM,1
God Grew Tired of Us,Documentary|Drama,12:19 AM,2:18 AM,2
Verboten!,Action|Romance|War,12:35 AM,2:31 AM,5
For a Lost Soldier (Voor een Verloren Soldaat),Romance,12:18 AM,2:37 AM,4
"Limits of Control, The",Crime|Drama|Film-Noir,12:05 AM,2:09 AM,4
Paranormal Activity,Horror|Thriller,12:36 AM,2:03 AM,2
Corpo Celeste,Drama,12:41 AM,2:28 AM,2
Summer Magic,Children|Comedy|Musical,12:50 AM,2:07 AM,4
District 13: Ultimatum (Banlieue 13 - Ultimatum),Action|Sci-Fi,12:43 AM,2:11 AM,5
"House of Rothschild, The",Drama|War,12:46 AM,2:15 AM,1
No More School,Comedy,12:35 AM,2:15 AM,4
Conception,Comedy|Romance,12:55 AM,2:25 AM,1
Untamed Youth,Drama,12:53 AM,2:20 AM,2
"Kid in King Arthur's Court, A",Adventure|Children|Comedy|Fantasy|Romance,12:36 AM,2:34 AM,5
Fools' Parade,Comedy|Drama|Thriller,12:59 AM,2:43 AM,2
Trauma,Horror|Mystery|Thriller,12:57 AM,2:09 AM,5
"Triumph of the Nerds, The: The Rise of Accidental Empires",Documentary,12:17 AM,2:02 AM,2
36 fillette,Drama|Romance,12:02 AM,2:21 AM,5
One-Eyed Jacks,Western,12:02 AM,2:43 AM,3
Song of the Little Road (Pather Panchali),Drama,12:06 AM,2:14 AM,1
See Spot Run,Comedy,12:19 AM,2:05 AM,4
Robot,Action|Comedy|Musical|Sci-Fi,12:26 AM,2:48 AM,1
Moving Alan,(no genres listed),12:34 AM,2:49 AM,5
Journey to Saturn (Rejsen til Saturn),Action|Adventure|Animation|Sci-Fi,12:48 AM,2:25 AM,2
Scott of the Antarctic,Action|Adventure|Drama,12:55 AM,2:54 AM,4
What We Did on Our Holiday,Comedy,12:25 AM,2:40 AM,1
Angel Eyes,Romance|Thriller,12:57 AM,2:47 AM,2
On the Rumba River (On the Rhumba River),Documentary|Musical,12:49 AM,2:35 AM,1
"Core, The",Action|Drama|Sci-Fi|Thriller,12:50 AM,2:18 AM,3
Homer & Eddie,Drama,12:13 AM,2:48 AM,2
"Odd Couple II, The",Comedy,12:07 AM,2:22 AM,4
Lucky: No Time For Love,Action|Adventure|Drama|Musical|Romance|Thriller|War,12:31 AM,2:18 AM,2
Cass Timberlane,Drama|Romance,12:27 AM,2:13 AM,1
Escape Me Never,Drama,12:53 AM,2:05 AM,3
Brutal Relax,Action|Comedy,12:45 AM,2:11 AM,5
Ingenious,Comedy|Drama|Romance,12:55 AM,2:53 AM,4
Flu Bird,Horror,12:49 AM,2:30 AM,3
Wild China,Documentary,12:42 AM,2:00 AM,1
"Scarlet Dove, The (Tulipunainen kyyhkynen)",Drama|Mystery|Thriller,12:36 AM,2:14 AM,4
It! The Terror from Beyond Space,Horror|Sci-Fi|Thriller,12:35 AM,2:44 AM,5
Tonight and Every Night,Musical,12:03 AM,2:46 AM,5
Aliens,Action|Adventure|Horror|Sci-Fi,12:27 AM,2:07 AM,5
First a Girl,Comedy|Musical,12:44 AM,2:20 AM,4
Sergeant Körmy and the South Pacific (Vääpeli Körmy ja etelän hetelmät),Comedy,12:56 AM,2:40 AM,1
The Hanoi Hilton,Drama|War,12:09 AM,2:42 AM,4
Maps to the Stars,Drama,12:51 AM,2:58 AM,1
The Hatchet Man,Crime|Drama,12:04 AM,2:15 AM,5
"Passion of the Christ, The",Drama,12:13 AM,2:06 AM,4
"Stolen Collection, (Skradziona kolekcja)",Comedy,12:12 AM,2:04 AM,3
"Warrior's Way, The",Action|Fantasy|Western,12:08 AM,2:45 AM,4
